<?xml version="1.0" encoding="utf-8" ?>
<dwsync>
<file name="core.less" server="C:/xampp/htdocs/inetTrade/" local="131075064660000000" remote="131075064660000000" Dst="0" />
<file name="fixed-width.less" server="C:/xampp/htdocs/inetTrade/" local="131075064660000000" remote="131075064660000000" Dst="0" />
<file name="font-awesome.less" server="C:/xampp/htdocs/inetTrade/" local="131075064660000000" remote="131075064660000000" Dst="0" />
<file name="icons.less" server="C:/xampp/htdocs/inetTrade/" local="131075064660000000" remote="131075064660000000" Dst="0" />
<file name="larger.less" server="C:/xampp/htdocs/inetTrade/" local="131075064660000000" remote="131075064660000000" Dst="0" />
<file name="list.less" server="C:/xampp/htdocs/inetTrade/" local="131075064660000000" remote="131075064660000000" Dst="0" />
<file name="mixins.less" server="C:/xampp/htdocs/inetTrade/" local="131075064660000000" remote="131075064660000000" Dst="0" />
<file name="path.less" server="C:/xampp/htdocs/inetTrade/" local="131075064660000000" remote="131075064660000000" Dst="0" />
<file name="rotated-flipped.less" server="C:/xampp/htdocs/inetTrade/" local="131075064660000000" remote="131075064660000000" Dst="0" />
<file name="stacked.less" server="C:/xampp/htdocs/inetTrade/" local="131075064660000000" remote="131075064660000000" Dst="0" />
<file name="variables.less" server="C:/xampp/htdocs/inetTrade/" local="131075064660000000" remote="131075064660000000" Dst="0" />
<file name="animated.less" server="C:/xampp/htdocs/inetTrade/" local="131075064660000000" remote="131075064660000000" Dst="0" />
<file name="bordered-pulled.less" server="C:/xampp/htdocs/inetTrade/" local="131075064660000000" remote="131075064660000000" Dst="0" />
<file name="animated.less" server="C:/xampp/htdocs/elloween/" local="131075064660000000" remote="131075064660000000" Dst="0" />
<file name="bordered-pulled.less" server="C:/xampp/htdocs/elloween/" local="131075064660000000" remote="131075064660000000" Dst="0" />
<file name="core.less" server="C:/xampp/htdocs/elloween/" local="131075064660000000" remote="131075064660000000" Dst="0" />
<file name="fixed-width.less" server="C:/xampp/htdocs/elloween/" local="131075064660000000" remote="131075064660000000" Dst="0" />
<file name="font-awesome.less" server="C:/xampp/htdocs/elloween/" local="131075064660000000" remote="131075064660000000" Dst="0" />
<file name="icons.less" server="C:/xampp/htdocs/elloween/" local="131075064660000000" remote="131075064660000000" Dst="0" />
<file name="larger.less" server="C:/xampp/htdocs/elloween/" local="131075064660000000" remote="131075064660000000" Dst="0" />
<file name="list.less" server="C:/xampp/htdocs/elloween/" local="131075064660000000" remote="131075064660000000" Dst="0" />
<file name="mixins.less" server="C:/xampp/htdocs/elloween/" local="131075064660000000" remote="131075064660000000" Dst="0" />
<file name="path.less" server="C:/xampp/htdocs/elloween/" local="131075064660000000" remote="131075064660000000" Dst="0" />
<file name="rotated-flipped.less" server="C:/xampp/htdocs/elloween/" local="131075064660000000" remote="131075064660000000" Dst="0" />
<file name="stacked.less" server="C:/xampp/htdocs/elloween/" local="131075064660000000" remote="131075064660000000" Dst="0" />
<file name="variables.less" server="C:/xampp/htdocs/elloween/" local="131075064660000000" remote="131075064660000000" Dst="0" />
</dwsync>