<?xml version="1.0" encoding="utf-8" ?>
<dwsync>
<file name="fontawesome-webfont.eot" server="C:/xampp/htdocs/inetTrade/" local="131075064660000000" remote="131075064660000000" Dst="0" />
<file name="fontawesome-webfont.svg" server="C:/xampp/htdocs/inetTrade/" local="131075064660000000" remote="131075064660000000" Dst="0" />
<file name="fontawesome-webfont.ttf" server="C:/xampp/htdocs/inetTrade/" local="131075064660000000" remote="131075064660000000" Dst="0" />
<file name="fontawesome-webfont.woff" server="C:/xampp/htdocs/inetTrade/" local="131075064660000000" remote="131075064660000000" Dst="0" />
<file name="fontawesome-webfont.woff2" server="C:/xampp/htdocs/inetTrade/" local="131075064660000000" remote="131075064660000000" Dst="0" />
<file name="FontAwesome.otf" server="C:/xampp/htdocs/inetTrade/" local="131075064660000000" remote="131075064660000000" Dst="0" />
<file name="fontawesome-webfont.eot" server="C:/xampp/htdocs/elloween/" local="131075064660000000" remote="131075064660000000" Dst="0" />
<file name="fontawesome-webfont.svg" server="C:/xampp/htdocs/elloween/" local="131075064660000000" remote="131075064660000000" Dst="0" />
<file name="fontawesome-webfont.ttf" server="C:/xampp/htdocs/elloween/" local="131075064660000000" remote="131075064660000000" Dst="0" />
<file name="fontawesome-webfont.woff" server="C:/xampp/htdocs/elloween/" local="131075064660000000" remote="131075064660000000" Dst="0" />
<file name="fontawesome-webfont.woff2" server="C:/xampp/htdocs/elloween/" local="131075064660000000" remote="131075064660000000" Dst="0" />
<file name="FontAwesome.otf" server="C:/xampp/htdocs/elloween/" local="131075064660000000" remote="131075064660000000" Dst="0" />
</dwsync>