<?xml version="1.0" encoding="utf-8" ?>
<dwsync>
<file name="animated.less" server="C:/xampp/htdocs/inetTrade/" local="131287786370357204" remote="131287786370000000" Dst="0" />
<file name="bordered-pulled.less" server="C:/xampp/htdocs/inetTrade/" local="131287786370507298" remote="131287786370000000" Dst="0" />
<file name="core.less" server="C:/xampp/htdocs/inetTrade/" local="131287786370657391" remote="131287786370000000" Dst="0" />
<file name="fixed-width.less" server="C:/xampp/htdocs/inetTrade/" local="131287786370823006" remote="131287786370000000" Dst="0" />
<file name="font-awesome.less" server="C:/xampp/htdocs/inetTrade/" local="131287786370963095" remote="131287786370000000" Dst="0" />
<file name="icons.less" server="C:/xampp/htdocs/inetTrade/" local="131287786371123201" remote="131287786370000000" Dst="0" />
<file name="larger.less" server="C:/xampp/htdocs/inetTrade/" local="131287786371273310" remote="131287786370000000" Dst="0" />
<file name="list.less" server="C:/xampp/htdocs/inetTrade/" local="131287786371423404" remote="131287786370000000" Dst="0" />
<file name="mixins.less" server="C:/xampp/htdocs/inetTrade/" local="131287786371583506" remote="131287786370000000" Dst="0" />
<file name="path.less" server="C:/xampp/htdocs/inetTrade/" local="131287786371743628" remote="131287786370000000" Dst="0" />
<file name="rotated-flipped.less" server="C:/xampp/htdocs/inetTrade/" local="131287786371903718" remote="131287786370000000" Dst="0" />
<file name="screen-reader.less" server="C:/xampp/htdocs/inetTrade/" local="131287786372043815" remote="131287786370000000" Dst="0" />
<file name="stacked.less" server="C:/xampp/htdocs/inetTrade/" local="131287786372203921" remote="131287786370000000" Dst="0" />
<file name="variables.less" server="C:/xampp/htdocs/inetTrade/" local="131287786372394048" remote="131287786370000000" Dst="0" />
<file name="animated.less" server="C:/xampp/htdocs/elloween/" local="131287786370357204" remote="131287786370000000" Dst="0" />
<file name="bordered-pulled.less" server="C:/xampp/htdocs/elloween/" local="131287786370507298" remote="131287786370000000" Dst="0" />
<file name="core.less" server="C:/xampp/htdocs/elloween/" local="131287786370657391" remote="131287786370000000" Dst="0" />
<file name="fixed-width.less" server="C:/xampp/htdocs/elloween/" local="131287786370823006" remote="131287786370000000" Dst="0" />
<file name="font-awesome.less" server="C:/xampp/htdocs/elloween/" local="131287786370963095" remote="131287786370000000" Dst="0" />
<file name="icons.less" server="C:/xampp/htdocs/elloween/" local="131287786371123201" remote="131287786370000000" Dst="0" />
<file name="larger.less" server="C:/xampp/htdocs/elloween/" local="131287786371273310" remote="131287786370000000" Dst="0" />
<file name="list.less" server="C:/xampp/htdocs/elloween/" local="131287786371423404" remote="131287786370000000" Dst="0" />
<file name="mixins.less" server="C:/xampp/htdocs/elloween/" local="131287786371583506" remote="131287786370000000" Dst="0" />
<file name="path.less" server="C:/xampp/htdocs/elloween/" local="131287786371743628" remote="131287786370000000" Dst="0" />
<file name="rotated-flipped.less" server="C:/xampp/htdocs/elloween/" local="131287786371903718" remote="131287786370000000" Dst="0" />
<file name="screen-reader.less" server="C:/xampp/htdocs/elloween/" local="131287786372043815" remote="131287786370000000" Dst="0" />
<file name="stacked.less" server="C:/xampp/htdocs/elloween/" local="131287786372203921" remote="131287786370000000" Dst="0" />
<file name="variables.less" server="C:/xampp/htdocs/elloween/" local="131287786372394048" remote="131287786370000000" Dst="0" />
</dwsync>