<?xml version="1.0" encoding="utf-8" ?>
<dwsync>
<file name="bower.json" server="C:/xampp/htdocs/inetTrade/" local="131286925779403795" remote="131286925770000000" Dst="0" />
<file name="compilerconfig.json" server="C:/xampp/htdocs/inetTrade/" local="131286925779560055" remote="131286925770000000" Dst="0" />
<file name="compilerconfig.json.defaults" server="C:/xampp/htdocs/inetTrade/" local="131286925779716323" remote="131286925770000000" Dst="0" />
<file name="favicon.ico" server="C:/xampp/htdocs/inetTrade/" local="131286925779872575" remote="131286925770000000" Dst="0" />
<file name="index.html" server="C:/xampp/htdocs/inetTrade/" local="131286925780185087" remote="131286925780000000" Dst="0" />
<file name="LICENSE.md" server="C:/xampp/htdocs/inetTrade/" local="131286925778309995" remote="131286925770000000" Dst="0" />
<file name="package.json" server="C:/xampp/htdocs/inetTrade/" local="131286925780341347" remote="131286925780000000" Dst="0" />
<file name="README.md" server="C:/xampp/htdocs/inetTrade/" local="131286925779247539" remote="131286925770000000" Dst="0" />
<file name="favicon.ico" server="C:/xampp/htdocs/inetTrade" local="131286925779872575" remote="131286925770000000" Dst="0" />
<file name="index.php" server="C:/xampp/htdocs/inetTrade" local="131286979874144660" remote="131286979870000000" Dst="0" />
<file name="index.php" server="C:/xampp/htdocs/inetTrade/" local="131305953393807998" remote="131305953390000000" Dst="0" />
<file name="blank.php" server="C:/xampp/htdocs/inetTrade/" local="131286993182243645" remote="131286993180000000" Dst="0" />
<file name="new-joining.php" server="C:/xampp/htdocs/inetTrade/" local="131305953620746994" remote="131305953620000000" Dst="0" />
<file name="sample.php" server="C:/xampp/htdocs/inetTrade/" local="131300200709138525" remote="131300200700000000" Dst="0" />
<file name="join-history.php" server="C:/xampp/htdocs/inetTrade/" local="131305953812058636" remote="131305953810000000" Dst="0" />
<file name="blank.php" server="C:/xampp/htdocs/elloween/" local="131286993182243645" remote="131286993180000000" Dst="0" />
<file name="bower.json" server="C:/xampp/htdocs/elloween/" local="131286925779403795" remote="131286925770000000" Dst="0" />
<file name="compilerconfig.json" server="C:/xampp/htdocs/elloween/" local="131286925779560055" remote="131286925770000000" Dst="0" />
<file name="compilerconfig.json.defaults" server="C:/xampp/htdocs/elloween/" local="131286925779716323" remote="131286925770000000" Dst="0" />
<file name="favicon.ico" server="C:/xampp/htdocs/elloween/" local="131286925779872575" remote="131286925770000000" Dst="0" />
<file name="index.html" server="C:/xampp/htdocs/elloween/" local="131286925780185087" remote="131286925780000000" Dst="0" />
<file name="index.php" server="C:/xampp/htdocs/elloween/" local="131319560027544309" remote="131319560020000000" Dst="0" />
<file name="join-history.php" server="C:/xampp/htdocs/elloween/" local="131319802337140477" remote="131319802330000000" Dst="0" />
<file name="LICENSE.md" server="C:/xampp/htdocs/elloween/" local="131286925778309995" remote="131286925770000000" Dst="0" />
<file name="new-joining.php" server="C:/xampp/htdocs/elloween/" local="131319804342574379" remote="131319804340000000" Dst="0" />
<file name="package.json" server="C:/xampp/htdocs/elloween/" local="131286925780341347" remote="131286925780000000" Dst="0" />
<file name="README.md" server="C:/xampp/htdocs/elloween/" local="131286925779247539" remote="131286925770000000" Dst="0" />
<file name="sample.php" server="C:/xampp/htdocs/elloween/" local="131300200709138525" remote="131300200700000000" Dst="0" />
<file name="favicon.ico" server="C:/xampp/htdocs/elloween" local="131286925779872575" remote="131286925770000000" Dst="0" />
<file name="user-profile.php" server="C:/xampp/htdocs/elloween/" local="131319870102496554" remote="131319870100000000" Dst="0" />
<file name="user-change-password.php" server="C:/xampp/htdocs/elloween/" local="131319876630947908" remote="131319876630000000" Dst="0" />
</dwsync>