<?xml version="1.0" encoding="utf-8" ?>
<dwsync>
<file name="01_onshow_onhide.html" server="C:/xampp/htdocs/inetTrade/" local="131075064680000000" remote="131075064680000000" Dst="0" />
<file name="02_onclick_onbeforechange.html" server="C:/xampp/htdocs/inetTrade/" local="131075064680000000" remote="131075064680000000" Dst="0" />
<file name="03_onclick_dbl_calendar.html" server="C:/xampp/htdocs/inetTrade/" local="131075064680000000" remote="131075064680000000" Dst="0" />
<file name="04_mouseover_mouseout.html" server="C:/xampp/htdocs/inetTrade/" local="131075064680000000" remote="131075064680000000" Dst="0" />
<file name="05_popupshow_popuphide.html" server="C:/xampp/htdocs/inetTrade/" local="131075064680000000" remote="131075064680000000" Dst="0" />
<file name="06_onchange_onarrowclick.html" server="C:/xampp/htdocs/inetTrade/" local="131075064680000000" remote="131075064680000000" Dst="0" />
<file name="01_onshow_onhide.html" server="C:/xampp/htdocs/elloween/" local="131075064680000000" remote="131075064680000000" Dst="0" />
<file name="02_onclick_onbeforechange.html" server="C:/xampp/htdocs/elloween/" local="131075064680000000" remote="131075064680000000" Dst="0" />
<file name="03_onclick_dbl_calendar.html" server="C:/xampp/htdocs/elloween/" local="131075064680000000" remote="131075064680000000" Dst="0" />
<file name="04_mouseover_mouseout.html" server="C:/xampp/htdocs/elloween/" local="131075064680000000" remote="131075064680000000" Dst="0" />
<file name="05_popupshow_popuphide.html" server="C:/xampp/htdocs/elloween/" local="131075064680000000" remote="131075064680000000" Dst="0" />
<file name="06_onchange_onarrowclick.html" server="C:/xampp/htdocs/elloween/" local="131075064680000000" remote="131075064680000000" Dst="0" />
</dwsync>