<?xml version="1.0" encoding="utf-8" ?>
<dwsync>
<file name="dhtmlxcalendar_dhx_skyblue.css" server="C:/xampp/htdocs/inetTrade/" local="131075064660000000" remote="131075064660000000" Dst="0" />
<file name="dhtmlxcalendar_dhx_terrace.css" server="C:/xampp/htdocs/inetTrade/" local="131075064660000000" remote="131075064660000000" Dst="0" />
<file name="dhtmlxcalendar_dhx_web.css" server="C:/xampp/htdocs/inetTrade/" local="131075064660000000" remote="131075064660000000" Dst="0" />
<file name="dhtmlxcalendar_material.css" server="C:/xampp/htdocs/inetTrade/" local="131075064680000000" remote="131075064680000000" Dst="0" />
<file name="dhtmlxcalendar_dhx_skyblue.css" server="C:/xampp/htdocs/elloween/" local="131075064660000000" remote="131075064660000000" Dst="0" />
<file name="dhtmlxcalendar_dhx_terrace.css" server="C:/xampp/htdocs/elloween/" local="131075064660000000" remote="131075064660000000" Dst="0" />
<file name="dhtmlxcalendar_dhx_web.css" server="C:/xampp/htdocs/elloween/" local="131075064660000000" remote="131075064660000000" Dst="0" />
<file name="dhtmlxcalendar_material.css" server="C:/xampp/htdocs/elloween/" local="131075064680000000" remote="131075064680000000" Dst="0" />
</dwsync>