<?xml version="1.0" encoding="utf-8" ?>
<dwsync>
<file name="font-awesome.scss" server="C:/xampp/htdocs/inetTrade/" local="131287786374615515" remote="131287786370000000" Dst="0" />
<file name="_animated.scss" server="C:/xampp/htdocs/inetTrade/" local="131287786372584172" remote="131287786370000000" Dst="0" />
<file name="_bordered-pulled.scss" server="C:/xampp/htdocs/inetTrade/" local="131287786372744274" remote="131287786370000000" Dst="0" />
<file name="_core.scss" server="C:/xampp/htdocs/inetTrade/" local="131287786372904388" remote="131287786370000000" Dst="0" />
<file name="_fixed-width.scss" server="C:/xampp/htdocs/inetTrade/" local="131287786373044477" remote="131287786370000000" Dst="0" />
<file name="_icons.scss" server="C:/xampp/htdocs/inetTrade/" local="131287786373204587" remote="131287786370000000" Dst="0" />
<file name="_larger.scss" server="C:/xampp/htdocs/inetTrade/" local="131287786373364689" remote="131287786370000000" Dst="0" />
<file name="_list.scss" server="C:/xampp/htdocs/inetTrade/" local="131287786373494773" remote="131287786370000000" Dst="0" />
<file name="_mixins.scss" server="C:/xampp/htdocs/inetTrade/" local="131287786373654879" remote="131287786370000000" Dst="0" />
<file name="_path.scss" server="C:/xampp/htdocs/inetTrade/" local="131287786373814989" remote="131287786370000000" Dst="0" />
<file name="_rotated-flipped.scss" server="C:/xampp/htdocs/inetTrade/" local="131287786373975099" remote="131287786370000000" Dst="0" />
<file name="_screen-reader.scss" server="C:/xampp/htdocs/inetTrade/" local="131287786374135210" remote="131287786370000000" Dst="0" />
<file name="_stacked.scss" server="C:/xampp/htdocs/inetTrade/" local="131287786374275298" remote="131287786370000000" Dst="0" />
<file name="_variables.scss" server="C:/xampp/htdocs/inetTrade/" local="131287786374475423" remote="131287786370000000" Dst="0" />
<file name="font-awesome.scss" server="C:/xampp/htdocs/elloween/" local="131287786374615515" remote="131287786370000000" Dst="0" />
<file name="_animated.scss" server="C:/xampp/htdocs/elloween/" local="131287786372584172" remote="131287786370000000" Dst="0" />
<file name="_bordered-pulled.scss" server="C:/xampp/htdocs/elloween/" local="131287786372744274" remote="131287786370000000" Dst="0" />
<file name="_core.scss" server="C:/xampp/htdocs/elloween/" local="131287786372904388" remote="131287786370000000" Dst="0" />
<file name="_fixed-width.scss" server="C:/xampp/htdocs/elloween/" local="131287786373044477" remote="131287786370000000" Dst="0" />
<file name="_icons.scss" server="C:/xampp/htdocs/elloween/" local="131287786373204587" remote="131287786370000000" Dst="0" />
<file name="_larger.scss" server="C:/xampp/htdocs/elloween/" local="131287786373364689" remote="131287786370000000" Dst="0" />
<file name="_list.scss" server="C:/xampp/htdocs/elloween/" local="131287786373494773" remote="131287786370000000" Dst="0" />
<file name="_mixins.scss" server="C:/xampp/htdocs/elloween/" local="131287786373654879" remote="131287786370000000" Dst="0" />
<file name="_path.scss" server="C:/xampp/htdocs/elloween/" local="131287786373814989" remote="131287786370000000" Dst="0" />
<file name="_rotated-flipped.scss" server="C:/xampp/htdocs/elloween/" local="131287786373975099" remote="131287786370000000" Dst="0" />
<file name="_screen-reader.scss" server="C:/xampp/htdocs/elloween/" local="131287786374135210" remote="131287786370000000" Dst="0" />
<file name="_stacked.scss" server="C:/xampp/htdocs/elloween/" local="131287786374275298" remote="131287786370000000" Dst="0" />
<file name="_variables.scss" server="C:/xampp/htdocs/elloween/" local="131287786374475423" remote="131287786370000000" Dst="0" />
</dwsync>