<?xml version="1.0" encoding="utf-8" ?>
<dwsync>
<file name="chartjs.js" server="C:/xampp/htdocs/inetTrade/" local="131286925819725338" remote="131286925810000000" Dst="0" />
<file name="flot.js" server="C:/xampp/htdocs/inetTrade/" local="131286925819975507" remote="131286925810000000" Dst="0" />
<file name="jquery-knob.js" server="C:/xampp/htdocs/inetTrade/" local="131286925820155627" remote="131286925820000000" Dst="0" />
<file name="morris.js" server="C:/xampp/htdocs/inetTrade/" local="131286925820335743" remote="131286925820000000" Dst="0" />
<file name="sparkline.js" server="C:/xampp/htdocs/inetTrade/" local="131286925820545885" remote="131286925820000000" Dst="0" />
<file name="chartjs.js" server="C:/xampp/htdocs/elloween/" local="131286925819725338" remote="131286925810000000" Dst="0" />
<file name="flot.js" server="C:/xampp/htdocs/elloween/" local="131286925819975507" remote="131286925810000000" Dst="0" />
<file name="jquery-knob.js" server="C:/xampp/htdocs/elloween/" local="131286925820155627" remote="131286925820000000" Dst="0" />
<file name="morris.js" server="C:/xampp/htdocs/elloween/" local="131286925820335743" remote="131286925820000000" Dst="0" />
<file name="sparkline.js" server="C:/xampp/htdocs/elloween/" local="131286925820545885" remote="131286925820000000" Dst="0" />
</dwsync>