<?xml version="1.0" encoding="utf-8" ?>
<dwsync>
<file name="u0TOpm082MNkS5K0Q4rhqvesZW2xOQ-xsNqO47m55DA.woff2" server="C:/xampp/htdocs/inetTrade/" local="131075064660000000" remote="131075064660000000" Dst="0" />
<file name="RxZJdnzeo3R5zSexge8UUVtXRa8TVwTICgirnJhmVJw.woff2" server="C:/xampp/htdocs/inetTrade/" local="131075064660000000" remote="131075064660000000" Dst="0" />
<file name="-2n2p-_Y08sg57CNWQfKNvesZW2xOQ-xsNqO47m55DA.woff2" server="C:/xampp/htdocs/inetTrade/" local="131075064660000000" remote="131075064660000000" Dst="0" />
<file name="CWB0XYA8bzo0kSThX0UTuA.woff2" server="C:/xampp/htdocs/inetTrade/" local="131075064660000000" remote="131075064660000000" Dst="0" />
<file name="d-6IYplOFocCacKzxwXSOFtXRa8TVwTICgirnJhmVJw.woff2" server="C:/xampp/htdocs/inetTrade/" local="131075064660000000" remote="131075064660000000" Dst="0" />
<file name="ek4gzZ-GeXAPcSbHtCeQI_esZW2xOQ-xsNqO47m55DA.woff2" server="C:/xampp/htdocs/inetTrade/" local="131075064660000000" remote="131075064660000000" Dst="0" />
<file name="Fcx7Wwv8OzT71A3E1XOAjvesZW2xOQ-xsNqO47m55DA.woff2" server="C:/xampp/htdocs/inetTrade/" local="131075064660000000" remote="131075064660000000" Dst="0" />
<file name="LICENSE-2.0.txt" server="C:/xampp/htdocs/inetTrade/" local="131075064660000000" remote="131075064660000000" Dst="0" />
<file name="mErvLBYg_cXG3rLvUsKT_fesZW2xOQ-xsNqO47m55DA.woff2" server="C:/xampp/htdocs/inetTrade/" local="131075064660000000" remote="131075064660000000" Dst="0" />
<file name="NdF9MtnOpLzo-noMoG0miPesZW2xOQ-xsNqO47m55DA.woff2" server="C:/xampp/htdocs/inetTrade/" local="131075064660000000" remote="131075064660000000" Dst="0" />
<file name="roboto.css" server="C:/xampp/htdocs/inetTrade/" local="131075064660000000" remote="131075064660000000" Dst="0" />
<file name="-2n2p-_Y08sg57CNWQfKNvesZW2xOQ-xsNqO47m55DA.woff2" server="C:/xampp/htdocs/elloween/" local="131075064660000000" remote="131075064660000000" Dst="0" />
<file name="CWB0XYA8bzo0kSThX0UTuA.woff2" server="C:/xampp/htdocs/elloween/" local="131075064660000000" remote="131075064660000000" Dst="0" />
<file name="d-6IYplOFocCacKzxwXSOFtXRa8TVwTICgirnJhmVJw.woff2" server="C:/xampp/htdocs/elloween/" local="131075064660000000" remote="131075064660000000" Dst="0" />
<file name="ek4gzZ-GeXAPcSbHtCeQI_esZW2xOQ-xsNqO47m55DA.woff2" server="C:/xampp/htdocs/elloween/" local="131075064660000000" remote="131075064660000000" Dst="0" />
<file name="Fcx7Wwv8OzT71A3E1XOAjvesZW2xOQ-xsNqO47m55DA.woff2" server="C:/xampp/htdocs/elloween/" local="131075064660000000" remote="131075064660000000" Dst="0" />
<file name="LICENSE-2.0.txt" server="C:/xampp/htdocs/elloween/" local="131075064660000000" remote="131075064660000000" Dst="0" />
<file name="mErvLBYg_cXG3rLvUsKT_fesZW2xOQ-xsNqO47m55DA.woff2" server="C:/xampp/htdocs/elloween/" local="131075064660000000" remote="131075064660000000" Dst="0" />
<file name="NdF9MtnOpLzo-noMoG0miPesZW2xOQ-xsNqO47m55DA.woff2" server="C:/xampp/htdocs/elloween/" local="131075064660000000" remote="131075064660000000" Dst="0" />
<file name="roboto.css" server="C:/xampp/htdocs/elloween/" local="131075064660000000" remote="131075064660000000" Dst="0" />
<file name="RxZJdnzeo3R5zSexge8UUVtXRa8TVwTICgirnJhmVJw.woff2" server="C:/xampp/htdocs/elloween/" local="131075064660000000" remote="131075064660000000" Dst="0" />
<file name="u0TOpm082MNkS5K0Q4rhqvesZW2xOQ-xsNqO47m55DA.woff2" server="C:/xampp/htdocs/elloween/" local="131075064660000000" remote="131075064660000000" Dst="0" />
</dwsync>