<?xml version="1.0" encoding="utf-8" ?>
<dwsync>
<file name="admin.js" server="C:/xampp/htdocs/inetTrade/" local="131286925817989183" remote="131286925810000000" Dst="0" />
<file name="demo.js" server="C:/xampp/htdocs/inetTrade/" local="131286925818145451" remote="131286925810000000" Dst="0" />
<file name="helpers.js" server="C:/xampp/htdocs/inetTrade/" local="131286925818457959" remote="131286925810000000" Dst="0" />
<file name="script.js" server="C:/xampp/htdocs/inetTrade/" local="131286925818784712" remote="131286925810000000" Dst="0" />
<file name="admin.js" server="C:/xampp/htdocs/inetTrade" local="131286925817989183" remote="131286925810000000" Dst="0" />
<file name="demo.js" server="C:/xampp/htdocs/inetTrade" local="131286925818145451" remote="131286925810000000" Dst="0" />
<file name="admin.js" server="C:/xampp/htdocs/elloween/" local="131286925817989183" remote="131286925810000000" Dst="0" />
<file name="demo.js" server="C:/xampp/htdocs/elloween/" local="131286925818145451" remote="131286925810000000" Dst="0" />
<file name="helpers.js" server="C:/xampp/htdocs/elloween/" local="131286925818457959" remote="131286925810000000" Dst="0" />
<file name="script.js" server="C:/xampp/htdocs/elloween/" local="131286925818784712" remote="131286925810000000" Dst="0" />
<file name="admin.js" server="C:/xampp/htdocs/elloween" local="131286925817989183" remote="131286925810000000" Dst="0" />
</dwsync>