<?xml version="1.0" encoding="utf-8" ?>
<dwsync>
<file name="01_sensitive_range.html" server="C:/xampp/htdocs/inetTrade/" local="131075064680000000" remote="131075064680000000" Dst="0" />
<file name="02_insensitive_days.html" server="C:/xampp/htdocs/inetTrade/" local="131075064680000000" remote="131075064680000000" Dst="0" />
<file name="03_disabling_in_week_mode.html" server="C:/xampp/htdocs/inetTrade/" local="131075064680000000" remote="131075064680000000" Dst="0" />
<file name="04_disabling_in_month_mode.html" server="C:/xampp/htdocs/inetTrade/" local="131075064680000000" remote="131075064680000000" Dst="0" />
<file name="05_disabling_in_year_mode.html" server="C:/xampp/htdocs/inetTrade/" local="131075064680000000" remote="131075064680000000" Dst="0" />
<file name="06_holidays.html" server="C:/xampp/htdocs/inetTrade/" local="131075064680000000" remote="131075064680000000" Dst="0" />
<file name="01_sensitive_range.html" server="C:/xampp/htdocs/elloween/" local="131075064680000000" remote="131075064680000000" Dst="0" />
<file name="02_insensitive_days.html" server="C:/xampp/htdocs/elloween/" local="131075064680000000" remote="131075064680000000" Dst="0" />
<file name="03_disabling_in_week_mode.html" server="C:/xampp/htdocs/elloween/" local="131075064680000000" remote="131075064680000000" Dst="0" />
<file name="04_disabling_in_month_mode.html" server="C:/xampp/htdocs/elloween/" local="131075064680000000" remote="131075064680000000" Dst="0" />
<file name="05_disabling_in_year_mode.html" server="C:/xampp/htdocs/elloween/" local="131075064680000000" remote="131075064680000000" Dst="0" />
<file name="06_holidays.html" server="C:/xampp/htdocs/elloween/" local="131075064680000000" remote="131075064680000000" Dst="0" />
</dwsync>