<?xml version="1.0" encoding="utf-8" ?>
<dwsync>
<file name="dhxcalendar_arrow_left.gif" server="C:/xampp/htdocs/inetTrade/" local="131075065100000000" remote="131075065100000000" Dst="0" />
<file name="dhxcalendar_arrow_right.gif" server="C:/xampp/htdocs/inetTrade/" local="131075065100000000" remote="131075065100000000" Dst="0" />
<file name="dhxcalendar_mark.gif" server="C:/xampp/htdocs/inetTrade/" local="131075065100000000" remote="131075065100000000" Dst="0" />
<file name="dhxcalendar_clock.gif" server="C:/xampp/htdocs/inetTrade/" local="131075065100000000" remote="131075065100000000" Dst="0" />
<file name="dhxcalendar_selector_top.gif" server="C:/xampp/htdocs/inetTrade/" local="131075065100000000" remote="131075065100000000" Dst="0" />
<file name="dhxcalendar_selector_bottom.gif" server="C:/xampp/htdocs/inetTrade/" local="131075065100000000" remote="131075065100000000" Dst="0" />
<file name="dhxcalendar_arrow_left.gif" server="C:/xampp/htdocs/elloween/" local="131075065100000000" remote="131075065100000000" Dst="0" />
<file name="dhxcalendar_arrow_right.gif" server="C:/xampp/htdocs/elloween/" local="131075065100000000" remote="131075065100000000" Dst="0" />
<file name="dhxcalendar_clock.gif" server="C:/xampp/htdocs/elloween/" local="131075065100000000" remote="131075065100000000" Dst="0" />
<file name="dhxcalendar_mark.gif" server="C:/xampp/htdocs/elloween/" local="131075065100000000" remote="131075065100000000" Dst="0" />
<file name="dhxcalendar_selector_bottom.gif" server="C:/xampp/htdocs/elloween/" local="131075065100000000" remote="131075065100000000" Dst="0" />
<file name="dhxcalendar_selector_top.gif" server="C:/xampp/htdocs/elloween/" local="131075065100000000" remote="131075065100000000" Dst="0" />
</dwsync>