<?xml version="1.0" encoding="utf-8" ?>
<dwsync>
<file name="jquery.countdownTimer.js" server="C:/xampp/htdocs/inetTrade/" local="131304084881580945" remote="131304084880000000" Dst="0" />
<file name="countdownTimer.jquery.json" server="C:/xampp/htdocs/inetTrade/" local="131304058897461918" remote="131304058890000000" Dst="0" />
<file name="jquery.countdownTimer.min.js" server="C:/xampp/htdocs/inetTrade/" local="131304058897930693" remote="131304058890000000" Dst="0" />
<file name="LICENSE-GPL" server="C:/xampp/htdocs/inetTrade/" local="131304058896836878" remote="131304058890000000" Dst="0" />
<file name="LICENSE-MIT" server="C:/xampp/htdocs/inetTrade/" local="131304058896993143" remote="131304058890000000" Dst="0" />
<file name="package.json" server="C:/xampp/htdocs/inetTrade/" local="131304058898086962" remote="131304058890000000" Dst="0" />
<file name="README.md" server="C:/xampp/htdocs/inetTrade/" local="131304058897305665" remote="131304058890000000" Dst="0" />
<file name="countdownTimer.jquery.json" server="C:/xampp/htdocs/elloween/" local="131304058897461918" remote="131304058890000000" Dst="0" />
<file name="jquery.countdownTimer.js" server="C:/xampp/htdocs/elloween/" local="131304084881580945" remote="131304084880000000" Dst="0" />
<file name="jquery.countdownTimer.min.js" server="C:/xampp/htdocs/elloween/" local="131304058897930693" remote="131304058890000000" Dst="0" />
<file name="LICENSE-GPL" server="C:/xampp/htdocs/elloween/" local="131304058896836878" remote="131304058890000000" Dst="0" />
<file name="LICENSE-MIT" server="C:/xampp/htdocs/elloween/" local="131304058896993143" remote="131304058890000000" Dst="0" />
<file name="package.json" server="C:/xampp/htdocs/elloween/" local="131304058898086962" remote="131304058890000000" Dst="0" />
<file name="README.md" server="C:/xampp/htdocs/elloween/" local="131304058897305665" remote="131304058890000000" Dst="0" />
</dwsync>