<?xml version="1.0" encoding="utf-8" ?>
<dwsync>
<file name="login.php" server="C:/xampp/htdocs/inetTrade/" local="131292110741306966" remote="131292110740000000" Dst="0" />
<file name="home.php" server="C:/xampp/htdocs/inetTrade/" local="131292148189159124" remote="131292148180000000" Dst="0" />
<file name="index.php" server="C:/xampp/htdocs/inetTrade/" local="131248321400000000" remote="131248321400000000" Dst="0" />
<file name="logout.php" server="C:/xampp/htdocs/inetTrade/" local="131243189280000000" remote="131243189280000000" Dst="0" />
<file name="inettrade.sql" server="C:/xampp/htdocs/inetTrade/" local="131305037924640431" remote="131305037920000000" Dst="0" />
<file name="test.php" server="C:/xampp/htdocs/inetTrade/" local="131298815294846305" remote="131298815290000000" Dst="0" />
<file name="resetdb.php" server="C:/xampp/htdocs/inetTrade/" local="131300164591342087" remote="131300164590000000" Dst="0" />
<file name="inettrade.sql" server="C:/xampp/htdocs/elloween/" local="131307743776926442" remote="131307743770000000" Dst="0" />
<file name="home.php" server="C:/xampp/htdocs/elloween/" local="131319813439256272" remote="131319813430000000" Dst="0" />
<file name="index.php" server="C:/xampp/htdocs/elloween/" local="131248321400000000" remote="131248321400000000" Dst="0" />
<file name="login.php" server="C:/xampp/htdocs/elloween/" local="131292110741306966" remote="131292110740000000" Dst="0" />
<file name="logout.php" server="C:/xampp/htdocs/elloween/" local="131243189280000000" remote="131243189280000000" Dst="0" />
<file name="resetdb.php" server="C:/xampp/htdocs/elloween/" local="131300164591342087" remote="131300164590000000" Dst="0" />
<file name="test.php" server="C:/xampp/htdocs/elloween/" local="131298815294846305" remote="131298815290000000" Dst="0" />
<file name="blank.php" server="C:/xampp/htdocs/elloween/" local="131319814305400651" remote="131319814300000000" Dst="0" />
<file name="purchase-add-purchase.php" server="C:/xampp/htdocs/elloween/" local="131319879101958601" remote="131319879100000000" Dst="0" />
</dwsync>