<?xml version="1.0" encoding="utf-8" ?>
<dwsync>
<file name="infobox-1.js" server="C:/xampp/htdocs/inetTrade/" local="131286925824342893" remote="131286925820000000" Dst="0" />
<file name="infobox-2.js" server="C:/xampp/htdocs/inetTrade/" local="131286925824499157" remote="131286925820000000" Dst="0" />
<file name="infobox-3.js" server="C:/xampp/htdocs/inetTrade/" local="131286925824655421" remote="131286925820000000" Dst="0" />
<file name="infobox-4.js" server="C:/xampp/htdocs/inetTrade/" local="131286925824811669" remote="131286925820000000" Dst="0" />
<file name="infobox-5.js" server="C:/xampp/htdocs/inetTrade/" local="131286925824967933" remote="131286925820000000" Dst="0" />
<file name="infobox-1.js" server="C:/xampp/htdocs/elloween/" local="131286925824342893" remote="131286925820000000" Dst="0" />
<file name="infobox-2.js" server="C:/xampp/htdocs/elloween/" local="131286925824499157" remote="131286925820000000" Dst="0" />
<file name="infobox-3.js" server="C:/xampp/htdocs/elloween/" local="131286925824655421" remote="131286925820000000" Dst="0" />
<file name="infobox-4.js" server="C:/xampp/htdocs/elloween/" local="131286925824811669" remote="131286925820000000" Dst="0" />
<file name="infobox-5.js" server="C:/xampp/htdocs/elloween/" local="131286925824967933" remote="131286925820000000" Dst="0" />
</dwsync>