<?xml version="1.0" encoding="utf-8" ?>
<dwsync>
<file name="FontAwesome.otf" server="C:/xampp/htdocs/inetTrade/" local="131287786370187094" remote="131287786370000000" Dst="0" />
<file name="fontawesome-webfont.eot" server="C:/xampp/htdocs/inetTrade/" local="131287786368844556" remote="131287786360000000" Dst="0" />
<file name="fontawesome-webfont.svg" server="C:/xampp/htdocs/inetTrade/" local="131287786369224803" remote="131287786360000000" Dst="0" />
<file name="fontawesome-webfont.ttf" server="C:/xampp/htdocs/inetTrade/" local="131287786369606693" remote="131287786360000000" Dst="0" />
<file name="fontawesome-webfont.woff" server="C:/xampp/htdocs/inetTrade/" local="131287786369806834" remote="131287786360000000" Dst="0" />
<file name="fontawesome-webfont.woff2" server="C:/xampp/htdocs/inetTrade/" local="131287786369986957" remote="131287786360000000" Dst="0" />
<file name="fontawesome-webfont.eot" server="C:/xampp/htdocs/elloween/" local="131287786368844556" remote="131287786360000000" Dst="0" />
<file name="fontawesome-webfont.svg" server="C:/xampp/htdocs/elloween/" local="131287786369224803" remote="131287786360000000" Dst="0" />
<file name="fontawesome-webfont.ttf" server="C:/xampp/htdocs/elloween/" local="131287786369606693" remote="131287786360000000" Dst="0" />
<file name="fontawesome-webfont.woff" server="C:/xampp/htdocs/elloween/" local="131287786369806834" remote="131287786360000000" Dst="0" />
<file name="fontawesome-webfont.woff2" server="C:/xampp/htdocs/elloween/" local="131287786369986957" remote="131287786360000000" Dst="0" />
<file name="FontAwesome.otf" server="C:/xampp/htdocs/elloween/" local="131287786370187094" remote="131287786370000000" Dst="0" />
</dwsync>