<?xml version="1.0" encoding="utf-8" ?>
<dwsync>
<file name="font-awesome.scss" server="C:/xampp/htdocs/inetTrade/" local="131075064660000000" remote="131075064660000000" Dst="0" />
<file name="_animated.scss" server="C:/xampp/htdocs/inetTrade/" local="131075064660000000" remote="131075064660000000" Dst="0" />
<file name="_bordered-pulled.scss" server="C:/xampp/htdocs/inetTrade/" local="131075064660000000" remote="131075064660000000" Dst="0" />
<file name="_core.scss" server="C:/xampp/htdocs/inetTrade/" local="131075064660000000" remote="131075064660000000" Dst="0" />
<file name="_fixed-width.scss" server="C:/xampp/htdocs/inetTrade/" local="131075064660000000" remote="131075064660000000" Dst="0" />
<file name="_icons.scss" server="C:/xampp/htdocs/inetTrade/" local="131075064660000000" remote="131075064660000000" Dst="0" />
<file name="_larger.scss" server="C:/xampp/htdocs/inetTrade/" local="131075064660000000" remote="131075064660000000" Dst="0" />
<file name="_list.scss" server="C:/xampp/htdocs/inetTrade/" local="131075064660000000" remote="131075064660000000" Dst="0" />
<file name="_mixins.scss" server="C:/xampp/htdocs/inetTrade/" local="131075064660000000" remote="131075064660000000" Dst="0" />
<file name="_path.scss" server="C:/xampp/htdocs/inetTrade/" local="131075064660000000" remote="131075064660000000" Dst="0" />
<file name="_rotated-flipped.scss" server="C:/xampp/htdocs/inetTrade/" local="131075064660000000" remote="131075064660000000" Dst="0" />
<file name="_stacked.scss" server="C:/xampp/htdocs/inetTrade/" local="131075064660000000" remote="131075064660000000" Dst="0" />
<file name="_variables.scss" server="C:/xampp/htdocs/inetTrade/" local="131075064660000000" remote="131075064660000000" Dst="0" />
<file name="font-awesome.scss" server="C:/xampp/htdocs/elloween/" local="131075064660000000" remote="131075064660000000" Dst="0" />
<file name="_animated.scss" server="C:/xampp/htdocs/elloween/" local="131075064660000000" remote="131075064660000000" Dst="0" />
<file name="_bordered-pulled.scss" server="C:/xampp/htdocs/elloween/" local="131075064660000000" remote="131075064660000000" Dst="0" />
<file name="_core.scss" server="C:/xampp/htdocs/elloween/" local="131075064660000000" remote="131075064660000000" Dst="0" />
<file name="_fixed-width.scss" server="C:/xampp/htdocs/elloween/" local="131075064660000000" remote="131075064660000000" Dst="0" />
<file name="_icons.scss" server="C:/xampp/htdocs/elloween/" local="131075064660000000" remote="131075064660000000" Dst="0" />
<file name="_larger.scss" server="C:/xampp/htdocs/elloween/" local="131075064660000000" remote="131075064660000000" Dst="0" />
<file name="_list.scss" server="C:/xampp/htdocs/elloween/" local="131075064660000000" remote="131075064660000000" Dst="0" />
<file name="_mixins.scss" server="C:/xampp/htdocs/elloween/" local="131075064660000000" remote="131075064660000000" Dst="0" />
<file name="_path.scss" server="C:/xampp/htdocs/elloween/" local="131075064660000000" remote="131075064660000000" Dst="0" />
<file name="_rotated-flipped.scss" server="C:/xampp/htdocs/elloween/" local="131075064660000000" remote="131075064660000000" Dst="0" />
<file name="_stacked.scss" server="C:/xampp/htdocs/elloween/" local="131075064660000000" remote="131075064660000000" Dst="0" />
<file name="_variables.scss" server="C:/xampp/htdocs/elloween/" local="131075064660000000" remote="131075064660000000" Dst="0" />
</dwsync>