<?xml version="1.0" encoding="utf-8" ?>
<dwsync>
<file name="materialize.css" server="C:/xampp/htdocs/inetTrade/" local="131286925780497599" remote="131286925780000000" Dst="0" />
<file name="style.css" server="C:/xampp/htdocs/inetTrade/" local="131286925780966379" remote="131286925780000000" Dst="0" />
<file name="style.min.css" server="C:/xampp/htdocs/inetTrade/" local="131286925781278895" remote="131286925780000000" Dst="0" />
<file name="materialize.css" server="C:/xampp/htdocs/inetTrade" local="131286925780497599" remote="131286925780000000" Dst="0" />
<file name="style.css" server="C:/xampp/htdocs/inetTrade" local="131286925780966379" remote="131286925780000000" Dst="0" />
<file name="materialize.css" server="C:/xampp/htdocs/elloween/" local="131286925780497599" remote="131286925780000000" Dst="0" />
<file name="style.css" server="C:/xampp/htdocs/elloween/" local="131286925780966379" remote="131286925780000000" Dst="0" />
<file name="style.min.css" server="C:/xampp/htdocs/elloween/" local="131286925781278895" remote="131286925780000000" Dst="0" />
<file name="materialize.css" server="C:/xampp/htdocs/elloween" local="131286925780497599" remote="131286925780000000" Dst="0" />
<file name="style.css" server="C:/xampp/htdocs/elloween" local="131286925780966379" remote="131286925780000000" Dst="0" />
</dwsync>