<?xml version="1.0" encoding="utf-8" ?>
<dwsync>
<file name="ui-icons_444444_256x240.png" server="C:/xampp/htdocs/inetTrade/" local="131183282460000000" remote="131183282460000000" Dst="0" />
<file name="ui-icons_555555_256x240.png" server="C:/xampp/htdocs/inetTrade/" local="131183282460000000" remote="131183282460000000" Dst="0" />
<file name="ui-icons_777620_256x240.png" server="C:/xampp/htdocs/inetTrade/" local="131183282460000000" remote="131183282460000000" Dst="0" />
<file name="ui-icons_777777_256x240.png" server="C:/xampp/htdocs/inetTrade/" local="131183282460000000" remote="131183282460000000" Dst="0" />
<file name="ui-icons_cc0000_256x240.png" server="C:/xampp/htdocs/inetTrade/" local="131183282460000000" remote="131183282460000000" Dst="0" />
<file name="ui-icons_ffffff_256x240.png" server="C:/xampp/htdocs/inetTrade/" local="131183282460000000" remote="131183282460000000" Dst="0" />
<file name="ui-icons_444444_256x240.png" server="C:/xampp/htdocs/elloween/" local="131183282460000000" remote="131183282460000000" Dst="0" />
<file name="ui-icons_555555_256x240.png" server="C:/xampp/htdocs/elloween/" local="131183282460000000" remote="131183282460000000" Dst="0" />
<file name="ui-icons_777620_256x240.png" server="C:/xampp/htdocs/elloween/" local="131183282460000000" remote="131183282460000000" Dst="0" />
<file name="ui-icons_777777_256x240.png" server="C:/xampp/htdocs/elloween/" local="131183282460000000" remote="131183282460000000" Dst="0" />
<file name="ui-icons_cc0000_256x240.png" server="C:/xampp/htdocs/elloween/" local="131183282460000000" remote="131183282460000000" Dst="0" />
<file name="ui-icons_ffffff_256x240.png" server="C:/xampp/htdocs/elloween/" local="131183282460000000" remote="131183282460000000" Dst="0" />
</dwsync>