<?xml version="1.0" encoding="utf-8" ?>
<dwsync>
<file name="all-themes.css" server="C:/xampp/htdocs/inetTrade/" local="131286925781435150" remote="131286925780000000" Dst="0" />
<file name="all-themes.min.css" server="C:/xampp/htdocs/inetTrade/" local="131286925781747675" remote="131286925780000000" Dst="0" />
<file name="theme-amber.css" server="C:/xampp/htdocs/inetTrade/" local="131286925781903922" remote="131286925780000000" Dst="0" />
<file name="theme-amber.min.css" server="C:/xampp/htdocs/inetTrade/" local="131286925782060190" remote="131286925780000000" Dst="0" />
<file name="theme-black.css" server="C:/xampp/htdocs/inetTrade/" local="131286925782372698" remote="131286925780000000" Dst="0" />
<file name="theme-black.min.css" server="C:/xampp/htdocs/inetTrade/" local="131286925782528958" remote="131286925780000000" Dst="0" />
<file name="theme-blue-grey.css" server="C:/xampp/htdocs/inetTrade/" local="131286925782841474" remote="131286925780000000" Dst="0" />
<file name="theme-blue-grey.min.css" server="C:/xampp/htdocs/inetTrade/" local="131286925782997726" remote="131286925780000000" Dst="0" />
<file name="theme-blue.css" server="C:/xampp/htdocs/inetTrade/" local="131286925783153994" remote="131286925780000000" Dst="0" />
<file name="theme-blue.min.css" server="C:/xampp/htdocs/inetTrade/" local="131286925783310246" remote="131286925780000000" Dst="0" />
<file name="theme-brown.css" server="C:/xampp/htdocs/inetTrade/" local="131286925783622766" remote="131286925780000000" Dst="0" />
<file name="theme-brown.min.css" server="C:/xampp/htdocs/inetTrade/" local="131286925783779018" remote="131286925780000000" Dst="0" />
<file name="theme-cyan.css" server="C:/xampp/htdocs/inetTrade/" local="131286925783935278" remote="131286925780000000" Dst="0" />
<file name="theme-cyan.min.css" server="C:/xampp/htdocs/inetTrade/" local="131286925784091542" remote="131286925780000000" Dst="0" />
<file name="theme-deep-orange.css" server="C:/xampp/htdocs/inetTrade/" local="131286925784404054" remote="131286925780000000" Dst="0" />
<file name="theme-deep-orange.min.css" server="C:/xampp/htdocs/inetTrade/" local="131286925784560318" remote="131286925780000000" Dst="0" />
<file name="theme-deep-purple.css" server="C:/xampp/htdocs/inetTrade/" local="131286925784716570" remote="131286925780000000" Dst="0" />
<file name="theme-deep-purple.min.css" server="C:/xampp/htdocs/inetTrade/" local="131286925784872821" remote="131286925780000000" Dst="0" />
<file name="theme-green.css" server="C:/xampp/htdocs/inetTrade/" local="131286925785029090" remote="131286925780000000" Dst="0" />
<file name="theme-green.min.css" server="C:/xampp/htdocs/inetTrade/" local="131286925785341601" remote="131286925780000000" Dst="0" />
<file name="theme-grey.css" server="C:/xampp/htdocs/inetTrade/" local="131286925785497861" remote="131286925780000000" Dst="0" />
<file name="theme-grey.min.css" server="C:/xampp/htdocs/inetTrade/" local="131286925785654113" remote="131286925780000000" Dst="0" />
<file name="theme-indigo.css" server="C:/xampp/htdocs/inetTrade/" local="131286925785810369" remote="131286925780000000" Dst="0" />
<file name="theme-indigo.min.css" server="C:/xampp/htdocs/inetTrade/" local="131286925786122889" remote="131286925780000000" Dst="0" />
<file name="theme-light-blue.css" server="C:/xampp/htdocs/inetTrade/" local="131286925786279157" remote="131286925780000000" Dst="0" />
<file name="theme-light-blue.min.css" server="C:/xampp/htdocs/inetTrade/" local="131286925786591669" remote="131286925780000000" Dst="0" />
<file name="theme-lime.css" server="C:/xampp/htdocs/inetTrade/" local="131286925786747929" remote="131286925780000000" Dst="0" />
<file name="theme-lime.min.css" server="C:/xampp/htdocs/inetTrade/" local="131286925787060437" remote="131286925780000000" Dst="0" />
<file name="theme-orange.css" server="C:/xampp/htdocs/inetTrade/" local="131286925787216713" remote="131286925780000000" Dst="0" />
<file name="theme-orange.min.css" server="C:/xampp/htdocs/inetTrade/" local="131286925787372953" remote="131286925780000000" Dst="0" />
<file name="theme-pink.css" server="C:/xampp/htdocs/inetTrade/" local="131286925787529209" remote="131286925780000000" Dst="0" />
<file name="theme-pink.min.css" server="C:/xampp/htdocs/inetTrade/" local="131286925787685481" remote="131286925780000000" Dst="0" />
<file name="theme-purple.css" server="C:/xampp/htdocs/inetTrade/" local="131286925787841725" remote="131286925780000000" Dst="0" />
<file name="theme-purple.min.css" server="C:/xampp/htdocs/inetTrade/" local="131286925788154240" remote="131286925780000000" Dst="0" />
<file name="theme-red.css" server="C:/xampp/htdocs/inetTrade/" local="131286925788310500" remote="131286925780000000" Dst="0" />
<file name="theme-red.min.css" server="C:/xampp/htdocs/inetTrade/" local="131286925788466756" remote="131286925780000000" Dst="0" />
<file name="theme-teal.css" server="C:/xampp/htdocs/inetTrade/" local="131286925788623020" remote="131286925780000000" Dst="0" />
<file name="theme-teal.min.css" server="C:/xampp/htdocs/inetTrade/" local="131286925788779276" remote="131286925780000000" Dst="0" />
<file name="theme-yellow.css" server="C:/xampp/htdocs/inetTrade/" local="131286925789091788" remote="131286925780000000" Dst="0" />
<file name="theme-yellow.min.css" server="C:/xampp/htdocs/inetTrade/" local="131286925789248048" remote="131286925780000000" Dst="0" />
<file name="all-themes.css" server="C:/xampp/htdocs/inetTrade" local="131286925781435150" remote="131286925780000000" Dst="0" />
<file name="all-themes.css" server="C:/xampp/htdocs/elloween/" local="131286925781435150" remote="131286925780000000" Dst="0" />
<file name="theme-amber.css" server="C:/xampp/htdocs/elloween/" local="131286925781903922" remote="131286925780000000" Dst="0" />
<file name="theme-amber.min.css" server="C:/xampp/htdocs/elloween/" local="131286925782060190" remote="131286925780000000" Dst="0" />
<file name="theme-black.css" server="C:/xampp/htdocs/elloween/" local="131286925782372698" remote="131286925780000000" Dst="0" />
<file name="theme-black.min.css" server="C:/xampp/htdocs/elloween/" local="131286925782528958" remote="131286925780000000" Dst="0" />
<file name="theme-blue-grey.css" server="C:/xampp/htdocs/elloween/" local="131286925782841474" remote="131286925780000000" Dst="0" />
<file name="theme-blue-grey.min.css" server="C:/xampp/htdocs/elloween/" local="131286925782997726" remote="131286925780000000" Dst="0" />
<file name="theme-blue.css" server="C:/xampp/htdocs/elloween/" local="131286925783153994" remote="131286925780000000" Dst="0" />
<file name="theme-blue.min.css" server="C:/xampp/htdocs/elloween/" local="131286925783310246" remote="131286925780000000" Dst="0" />
<file name="theme-brown.css" server="C:/xampp/htdocs/elloween/" local="131286925783622766" remote="131286925780000000" Dst="0" />
<file name="theme-brown.min.css" server="C:/xampp/htdocs/elloween/" local="131286925783779018" remote="131286925780000000" Dst="0" />
<file name="theme-cyan.css" server="C:/xampp/htdocs/elloween/" local="131286925783935278" remote="131286925780000000" Dst="0" />
<file name="theme-cyan.min.css" server="C:/xampp/htdocs/elloween/" local="131286925784091542" remote="131286925780000000" Dst="0" />
<file name="theme-deep-orange.css" server="C:/xampp/htdocs/elloween/" local="131286925784404054" remote="131286925780000000" Dst="0" />
<file name="theme-deep-orange.min.css" server="C:/xampp/htdocs/elloween/" local="131286925784560318" remote="131286925780000000" Dst="0" />
<file name="theme-deep-purple.css" server="C:/xampp/htdocs/elloween/" local="131286925784716570" remote="131286925780000000" Dst="0" />
<file name="theme-deep-purple.min.css" server="C:/xampp/htdocs/elloween/" local="131286925784872821" remote="131286925780000000" Dst="0" />
<file name="theme-green.css" server="C:/xampp/htdocs/elloween/" local="131286925785029090" remote="131286925780000000" Dst="0" />
<file name="theme-green.min.css" server="C:/xampp/htdocs/elloween/" local="131286925785341601" remote="131286925780000000" Dst="0" />
<file name="theme-grey.css" server="C:/xampp/htdocs/elloween/" local="131286925785497861" remote="131286925780000000" Dst="0" />
<file name="theme-grey.min.css" server="C:/xampp/htdocs/elloween/" local="131286925785654113" remote="131286925780000000" Dst="0" />
<file name="theme-indigo.css" server="C:/xampp/htdocs/elloween/" local="131286925785810369" remote="131286925780000000" Dst="0" />
<file name="theme-indigo.min.css" server="C:/xampp/htdocs/elloween/" local="131286925786122889" remote="131286925780000000" Dst="0" />
<file name="theme-light-blue.css" server="C:/xampp/htdocs/elloween/" local="131286925786279157" remote="131286925780000000" Dst="0" />
<file name="theme-light-blue.min.css" server="C:/xampp/htdocs/elloween/" local="131286925786591669" remote="131286925780000000" Dst="0" />
<file name="theme-lime.css" server="C:/xampp/htdocs/elloween/" local="131286925786747929" remote="131286925780000000" Dst="0" />
<file name="theme-lime.min.css" server="C:/xampp/htdocs/elloween/" local="131286925787060437" remote="131286925780000000" Dst="0" />
<file name="theme-orange.css" server="C:/xampp/htdocs/elloween/" local="131286925787216713" remote="131286925780000000" Dst="0" />
<file name="theme-orange.min.css" server="C:/xampp/htdocs/elloween/" local="131286925787372953" remote="131286925780000000" Dst="0" />
<file name="theme-pink.css" server="C:/xampp/htdocs/elloween/" local="131286925787529209" remote="131286925780000000" Dst="0" />
<file name="theme-pink.min.css" server="C:/xampp/htdocs/elloween/" local="131286925787685481" remote="131286925780000000" Dst="0" />
<file name="theme-purple.css" server="C:/xampp/htdocs/elloween/" local="131286925787841725" remote="131286925780000000" Dst="0" />
<file name="theme-purple.min.css" server="C:/xampp/htdocs/elloween/" local="131286925788154240" remote="131286925780000000" Dst="0" />
<file name="theme-red.css" server="C:/xampp/htdocs/elloween/" local="131286925788310500" remote="131286925780000000" Dst="0" />
<file name="theme-red.min.css" server="C:/xampp/htdocs/elloween/" local="131286925788466756" remote="131286925780000000" Dst="0" />
<file name="theme-teal.css" server="C:/xampp/htdocs/elloween/" local="131286925788623020" remote="131286925780000000" Dst="0" />
<file name="theme-teal.min.css" server="C:/xampp/htdocs/elloween/" local="131286925788779276" remote="131286925780000000" Dst="0" />
<file name="theme-yellow.css" server="C:/xampp/htdocs/elloween/" local="131286925789091788" remote="131286925780000000" Dst="0" />
<file name="all-themes.min.css" server="C:/xampp/htdocs/elloween/" local="131286925781747675" remote="131286925780000000" Dst="0" />
<file name="theme-deep-orange.min (1).css" server="C:/xampp/htdocs/elloween/" local="131286925780000000" remote="131286925780000000" Dst="0" />
<file name="theme-light-blue.min (1).css" server="C:/xampp/htdocs/elloween/" local="131286925780000000" remote="131286925780000000" Dst="0" />
<file name="theme-yellow.min.css" server="C:/xampp/htdocs/elloween/" local="131286925789248048" remote="131286925780000000" Dst="0" />
</dwsync>