<?xml version="1.0" encoding="utf-8" ?>
<dwsync>
<file name="animations.js" server="C:/xampp/htdocs/inetTrade/" local="131286925822936569" remote="131286925820000000" Dst="0" />
<file name="dialogs.js" server="C:/xampp/htdocs/inetTrade/" local="131286925823249097" remote="131286925820000000" Dst="0" />
<file name="modals.js" server="C:/xampp/htdocs/inetTrade/" local="131286925823561609" remote="131286925820000000" Dst="0" />
<file name="notifications.js" server="C:/xampp/htdocs/inetTrade/" local="131290320373365877" remote="131290320370000000" Dst="0" />
<file name="range-sliders.js" server="C:/xampp/htdocs/inetTrade/" local="131286925823874125" remote="131286925820000000" Dst="0" />
<file name="sortable-nestable.js" server="C:/xampp/htdocs/inetTrade/" local="131286925824030385" remote="131286925820000000" Dst="0" />
<file name="tooltips-popovers.js" server="C:/xampp/htdocs/inetTrade/" local="131286925824186649" remote="131286925820000000" Dst="0" />
<file name="animations.js" server="C:/xampp/htdocs/elloween/" local="131286925822936569" remote="131286925820000000" Dst="0" />
<file name="dialogs.js" server="C:/xampp/htdocs/elloween/" local="131286925823249097" remote="131286925820000000" Dst="0" />
<file name="modals.js" server="C:/xampp/htdocs/elloween/" local="131286925823561609" remote="131286925820000000" Dst="0" />
<file name="notifications.js" server="C:/xampp/htdocs/elloween/" local="131290320373365877" remote="131290320370000000" Dst="0" />
<file name="range-sliders.js" server="C:/xampp/htdocs/elloween/" local="131286925823874125" remote="131286925820000000" Dst="0" />
<file name="sortable-nestable.js" server="C:/xampp/htdocs/elloween/" local="131286925824030385" remote="131286925820000000" Dst="0" />
<file name="tooltips-popovers.js" server="C:/xampp/htdocs/elloween/" local="131286925824186649" remote="131286925820000000" Dst="0" />
</dwsync>