<?xml version="1.0" encoding="utf-8" ?>
<dwsync>
<file name="animation-bg.jpg" server="C:/xampp/htdocs/inetTrade/" local="131286925795185838" remote="131286925790000000" Dst="0" />
<file name="screenshot.png" server="C:/xampp/htdocs/inetTrade/" local="131286925795654618" remote="131286925790000000" Dst="0" />
<file name="thumbs-up.png" server="C:/xampp/htdocs/inetTrade/" local="131286925795810886" remote="131286925790000000" Dst="0" />
<file name="user-img-background.jpg" server="C:/xampp/htdocs/inetTrade/" local="131306735378198941" remote="131306735370000000" Dst="0" />
<file name="user.jpg" server="C:/xampp/htdocs/inetTrade/" local="131286925796123394" remote="131286925790000000" Dst="0" />
<file name="user.png" server="C:/xampp/htdocs/inetTrade/" local="131286925796279662" remote="131286925790000000" Dst="0" />
<file name="user-img-background.jpg" server="C:/xampp/htdocs/inetTrade" local="131286925795967138" remote="131286925790000000" Dst="0" />
<file name="user.png" server="C:/xampp/htdocs/inetTrade" local="131286925796279662" remote="131286925790000000" Dst="0" />
<file name="noimage.png" server="C:/xampp/htdocs/inetTrade/" local="131293768812647032" remote="131293768810000000" Dst="0" />
<file name="viewimage.png" server="C:/xampp/htdocs/inetTrade/" local="131293814804506918" remote="131293814800000000" Dst="0" />
<file name="logo.png" server="C:/xampp/htdocs/inetTrade/" local="131304888662600195" remote="131304888660000000" Dst="0" />
<file name="1a.jpg" server="C:/xampp/htdocs/inetTrade/" local="131306735346023935" remote="131306735340000000" Dst="0" />
<file name="1a.jpg" server="C:/xampp/htdocs/elloween/" local="131306735346023935" remote="131306735340000000" Dst="0" />
<file name="animation-bg.jpg" server="C:/xampp/htdocs/elloween/" local="131286925795185838" remote="131286925790000000" Dst="0" />
<file name="logo.png" server="C:/xampp/htdocs/elloween/" local="131304888662600195" remote="131304888660000000" Dst="0" />
<file name="noimage.png" server="C:/xampp/htdocs/elloween/" local="131293768812647032" remote="131293768810000000" Dst="0" />
<file name="screenshot.png" server="C:/xampp/htdocs/elloween/" local="131286925795654618" remote="131286925790000000" Dst="0" />
<file name="thumbs-up.png" server="C:/xampp/htdocs/elloween/" local="131286925795810886" remote="131286925790000000" Dst="0" />
<file name="user-img-background.jpg" server="C:/xampp/htdocs/elloween/" local="131286925795967138" remote="131286925790000000" Dst="0" />
<file name="user.jpg" server="C:/xampp/htdocs/elloween/" local="131286925796123394" remote="131286925790000000" Dst="0" />
<file name="user.png" server="C:/xampp/htdocs/elloween/" local="131286925796279662" remote="131286925790000000" Dst="0" />
<file name="viewimage.png" server="C:/xampp/htdocs/elloween/" local="131293814804506918" remote="131293814800000000" Dst="0" />
<file name="user-img-background.jpg" server="C:/xampp/htdocs/elloween" local="131306735378198941" remote="131306735370000000" Dst="0" />
</dwsync>