<?xml version="1.0" encoding="utf-8" ?>
<dwsync>
<file name="01_attach_to_input.html" server="C:/xampp/htdocs/inetTrade/" local="131075064680000000" remote="131075064680000000" Dst="0" />
<file name="02_attach_to_input_with_icon.html" server="C:/xampp/htdocs/inetTrade/" local="131075064680000000" remote="131075064680000000" Dst="0" />
<file name="03_attach_to_icon.html" server="C:/xampp/htdocs/inetTrade/" local="131075064680000000" remote="131075064680000000" Dst="0" />
<file name="04_attach_to_form.html" server="C:/xampp/htdocs/inetTrade/" local="131075064680000000" remote="131075064680000000" Dst="0" />
<file name="05_attach_to_toolbar.html" server="C:/xampp/htdocs/inetTrade/" local="131075064680000000" remote="131075064680000000" Dst="0" />
<file name="06_custom_parent.html" server="C:/xampp/htdocs/inetTrade/" local="131075064680000000" remote="131075064680000000" Dst="0" />
<file name="07_change_parent.html" server="C:/xampp/htdocs/inetTrade/" local="131075064680000000" remote="131075064680000000" Dst="0" />
<file name="08_attach_dynamically.html" server="C:/xampp/htdocs/inetTrade/" local="131075064680000000" remote="131075064680000000" Dst="0" />
<file name="01_attach_to_input.html" server="C:/xampp/htdocs/elloween/" local="131075064680000000" remote="131075064680000000" Dst="0" />
<file name="02_attach_to_input_with_icon.html" server="C:/xampp/htdocs/elloween/" local="131075064680000000" remote="131075064680000000" Dst="0" />
<file name="03_attach_to_icon.html" server="C:/xampp/htdocs/elloween/" local="131075064680000000" remote="131075064680000000" Dst="0" />
<file name="04_attach_to_form.html" server="C:/xampp/htdocs/elloween/" local="131075064680000000" remote="131075064680000000" Dst="0" />
<file name="05_attach_to_toolbar.html" server="C:/xampp/htdocs/elloween/" local="131075064680000000" remote="131075064680000000" Dst="0" />
<file name="06_custom_parent.html" server="C:/xampp/htdocs/elloween/" local="131075064680000000" remote="131075064680000000" Dst="0" />
<file name="07_change_parent.html" server="C:/xampp/htdocs/elloween/" local="131075064680000000" remote="131075064680000000" Dst="0" />
<file name="08_attach_dynamically.html" server="C:/xampp/htdocs/elloween/" local="131075064680000000" remote="131075064680000000" Dst="0" />
</dwsync>