<?xml version="1.0" encoding="utf-8" ?>
<dwsync>
<file name="01_skins.html" server="C:/xampp/htdocs/inetTrade/" local="131075064680000000" remote="131075064680000000" Dst="0" />
<file name="02_language.html" server="C:/xampp/htdocs/inetTrade/" local="131075064680000000" remote="131075064680000000" Dst="0" />
<file name="03_week_start_day.html" server="C:/xampp/htdocs/inetTrade/" local="131075064680000000" remote="131075064680000000" Dst="0" />
<file name="04_show_month.html" server="C:/xampp/htdocs/inetTrade/" local="131075064680000000" remote="131075064680000000" Dst="0" />
<file name="05_show_time.html" server="C:/xampp/htdocs/inetTrade/" local="131075064680000000" remote="131075064680000000" Dst="0" />
<file name="06_show_week_numbers.html" server="C:/xampp/htdocs/inetTrade/" local="131075064680000000" remote="131075064680000000" Dst="0" />
<file name="07_tooltips.html" server="C:/xampp/htdocs/inetTrade/" local="131075064680000000" remote="131075064680000000" Dst="0" />
<file name="08_tooltips_with_popup.html" server="C:/xampp/htdocs/inetTrade/" local="131075064680000000" remote="131075064680000000" Dst="0" />
<file name="09_minutes_interval.html" server="C:/xampp/htdocs/inetTrade/" local="131075064680000000" remote="131075064680000000" Dst="0" />
<file name="01_skins.html" server="C:/xampp/htdocs/elloween/" local="131075064680000000" remote="131075064680000000" Dst="0" />
<file name="02_language.html" server="C:/xampp/htdocs/elloween/" local="131075064680000000" remote="131075064680000000" Dst="0" />
<file name="03_week_start_day.html" server="C:/xampp/htdocs/elloween/" local="131075064680000000" remote="131075064680000000" Dst="0" />
<file name="04_show_month.html" server="C:/xampp/htdocs/elloween/" local="131075064680000000" remote="131075064680000000" Dst="0" />
<file name="05_show_time.html" server="C:/xampp/htdocs/elloween/" local="131075064680000000" remote="131075064680000000" Dst="0" />
<file name="06_show_week_numbers.html" server="C:/xampp/htdocs/elloween/" local="131075064680000000" remote="131075064680000000" Dst="0" />
<file name="07_tooltips.html" server="C:/xampp/htdocs/elloween/" local="131075064680000000" remote="131075064680000000" Dst="0" />
<file name="08_tooltips_with_popup.html" server="C:/xampp/htdocs/elloween/" local="131075064680000000" remote="131075064680000000" Dst="0" />
<file name="09_minutes_interval.html" server="C:/xampp/htdocs/elloween/" local="131075064680000000" remote="131075064680000000" Dst="0" />
</dwsync>