<?xml version="1.0" encoding="utf-8" ?>
<dwsync>
<file name="compile.bat" server="C:/xampp/htdocs/inetTrade/" local="131075064680000000" remote="131075064680000000" Dst="0" />
<file name="compile_debug.bat" server="C:/xampp/htdocs/inetTrade/" local="131075064680000000" remote="131075064680000000" Dst="0" />
<file name="lib_compiler.php" server="C:/xampp/htdocs/inetTrade/" local="131075064680000000" remote="131075064680000000" Dst="0" />
<file name="yui.jar" server="C:/xampp/htdocs/inetTrade/" local="131075064680000000" remote="131075064680000000" Dst="0" />
<file name="compile.bat" server="C:/xampp/htdocs/elloween/" local="131075064680000000" remote="131075064680000000" Dst="0" />
<file name="compile_debug.bat" server="C:/xampp/htdocs/elloween/" local="131075064680000000" remote="131075064680000000" Dst="0" />
<file name="lib_compiler.php" server="C:/xampp/htdocs/elloween/" local="131075064680000000" remote="131075064680000000" Dst="0" />
<file name="yui.jar" server="C:/xampp/htdocs/elloween/" local="131075064680000000" remote="131075064680000000" Dst="0" />
</dwsync>